Product_Name, Pricing, Ratings
Kodak XPRO 102cm (40 inch) Full HD LED Smart TV,Rs.16999
Kodak 108cm (43 inch) Ultra HD (4K) LED Smart TV,Rs.23999
Kodak 80cm (32 inch) HD Ready LED Smart TV,Rs.11499
Kodak 124cm (49 inch) Ultra HD (4K) LED Smart TV,Rs.30999
Kodak 102cm (40 inch) Full HD LED Smart TV,Rs.17999
Kodak 140cm (55 inch) Ultra HD (4K) LED Smart TV,Rs.33999
Kodak XPRO 80cm (32 inch) HD Ready LED Smart TV,Rs.10999
Kodak 122cm (48 inch) Full HD LED Smart TV,Rs.25999
Kodak 140cm (55 inch) Full HD LED Smart TV,Rs.35999
